idade,renda_mensal,tempo_emprego,divida_atual,qtde_atrasos_12m,bom_pagador
56,12130,9,35031,0,0
69,16222,18,42929,0,0
46,2300,2,211,3,1
32,10435,23,46577,1,0
60,5616,4,39795,2,0
25,17393,2,331,3,1
38,11617,26,23244,4,0
56,6752,15,8169,0,1
36,10852,14,22104,1,0
40,7295,34,41901,3,0
28,18456,11,14591,1,1
28,4225,25,31711,0,0
41,2316,33,48893,3,0
53,13337,22,727,0,1
57,7807,30,21359,3,0
41,4683,19,43822,2,0
20,8227,11,36011,2,0
39,4273,22,49800,3,0
19,1145,3,37863,1,0
41,6010,22,46577,3,0
61,17035,0,22998,0,0
47,4040,24,10929,2,0
55,10654,1,14842,3,0
19,17866,29,23519,1,0
38,18633,2,17393,0,1
50,18014,20,34318,3,0
29,15996,24,8995,0,1
39,17336,19,28656,1,0
61,9853,21,47934,0,0
42,12695,20,40260,1,0
66,3852,32,45269,1,0
44,17014,14,15567,0,1
59,1987,14,28840,0,0
45,8622,24,23831,1,0
33,10160,20,13265,1,0
32,18484,23,5424,1,1
64,7652,4,20625,0,0
68,8421,5,14086,2,0
61,1769,22,29187,2,0
69,18727,3,35929,1,0
20,15114,26,20539,2,0
54,5358,17,25103,3,0
68,12543,20,27874,1,0
24,19733,27,9215,1,1
38,6699,34,39385,3,0
26,18625,21,22044,0,0
56,2125,22,11926,0,0
35,11793,2,47860,1,0
21,7764,9,31501,3,0
42,13323,24,29774,3,0
31,14031,7,25008,1,0
67,15052,10,48928,0,0
26,13640,4,17560,5,0
43,8843,28,24340,2,0
19,15210,4,24976,2,0
37,17456,8,48406,1,0
45,11106,1,27626,3,0
64,6189,0,32720,2,0
24,3472,29,35001,1,0
61,18091,10,4700,1,1
25,19188,27,43795,3,0
64,7704,11,7860,2,1
52,4713,25,7526,1,1
31,6051,12,38327,0,0
34,11756,7,39500,2,0
53,3475,27,2513,1,1
67,4610,29,7830,2,1
57,5255,8,14781,2,0
21,15484,30,7910,2,1
19,2735,20,15847,2,0
23,9258,33,5649,1,1
59,8979,30,9120,3,1
21,3428,24,1951,4,1
46,13345,11,10165,2,1
35,8426,0,14352,1,0
43,9533,21,9746,1,1
61,6249,0,43738,1,0
51,10686,0,28997,2,0
27,15109,20,41954,3,0
53,1661,14,24183,1,0
31,13075,16,8804,0,1
48,15788,21,27169,2,0
65,11060,34,595,1,1
32,16836,15,29592,1,0
25,11526,7,40643,1,0
31,4374,16,20823,2,0
40,1207,16,5972,2,0
57,3665,25,15882,2,0
38,19877,12,858,0,1
33,1632,16,5519,2,0
62,4083,16,23769,0,0
35,14711,13,25020,2,0
64,11123,5,42748,3,0
41,8123,34,37085,2,0
43,11754,13,19838,1,0
42,2679,7,44912,1,0
62,16901,14,12879,1,1
58,1236,26,33798,2,0
46,8446,12,42255,3,0
32,5443,30,24290,2,0
62,16463,34,46073,0,0
18,9555,5,10255,4,0
42,19752,4,1447,1,1
24,17669,21,43005,2,0
26,1148,22,29195,1,0
41,14395,24,2850,1,1
18,5895,33,28400,1,0
61,18396,25,11953,3,1
25,12023,4,40874,3,0
41,11699,25,23535,2,0
28,10715,19,10000,2,1
68,17163,5,9503,1,1
34,6782,5,15493,1,0
25,19792,17,4055,1,1
52,17724,3,38170,0,0
52,3817,16,32408,3,0
50,16096,13,42049,1,0
22,19880,13,34440,3,0
59,6299,12,28251,2,0
56,10917,6,4532,0,1
58,19073,14,4924,5,1
45,4267,18,48037,0,0
24,5406,34,12546,0,0
26,18826,16,26579,6,0
25,11382,34,6085,2,1
29,5437,18,12390,2,0
51,6435,19,13280,0,0
50,5107,34,24118,3,0
65,1560,31,4864,0,1
40,13329,23,42084,1,0
41,2826,16,33989,0,0
54,12421,6,35628,2,0
52,13265,0,26849,0,0
61,8629,34,27566,1,0
57,9325,31,10702,2,1
39,8693,12,41196,1,0
44,9264,5,15385,2,0
52,13686,13,9336,1,1
18,14716,14,31225,3,0
52,7721,3,36021,2,0
54,8373,15,3782,1,1
64,6907,27,23341,2,0
31,17127,15,49918,1,0
20,6656,3,24094,1,0
18,9984,25,49111,1,0
22,9286,27,23866,1,0
43,6901,31,19049,3,0
31,5917,1,42719,1,0
56,9429,30,30992,1,0
44,15716,2,49037,1,0
26,16795,7,14567,1,1
32,12138,23,44451,2,0
32,3530,14,3513,0,1
43,19344,30,49647,0,0
59,18432,8,13335,2,1
30,6772,1,44140,2,0
68,16476,7,38590,3,0
49,19913,6,14837,2,1
56,16751,15,12122,3,1
66,3964,34,34840,2,0
69,8137,29,31007,2,0
49,18347,9,41297,0,0
21,17920,17,27684,4,0
47,14891,4,26393,0,0
54,8340,28,22754,1,0
40,8967,33,20799,1,0
56,13415,22,38727,1,0
62,12871,4,9107,1,1
32,12916,29,5993,0,1
60,9734,5,30805,1,0
46,1845,3,28114,0,0
53,3494,28,37789,1,0
30,13677,22,46314,1,0
49,19268,5,42942,1,0
24,13330,31,16138,2,0
68,6179,17,44527,4,0
39,7610,14,9190,2,0
45,7430,31,26723,2,0
19,8154,8,12886,1,0
59,14828,9,16779,1,0
62,11145,19,28174,0,0
23,7488,5,29086,2,0
45,4850,2,17322,1,0
45,18073,10,42596,1,0
61,14564,16,35278,5,0
61,6078,31,18033,0,0
37,13168,3,20074,2,0
47,6448,3,3435,1,1
28,18563,16,35969,1,0
45,10074,18,28942,2,0
42,7406,4,29059,5,0
56,9800,31,47921,1,0
50,15083,21,32826,1,0
18,2638,5,30297,0,0
44,11340,34,43890,2,0
69,2382,21,21322,2,0
30,2403,0,35739,1,0
58,10011,19,9719,3,1
20,4292,21,14017,1,0
56,10011,10,8314,2,1
23,1419,12,28295,2,0
25,13411,2,9628,1,1
44,5517,8,42122,0,0
26,16422,11,11492,1,1
54,10700,22,36113,3,0
50,6693,13,15357,2,0
68,1767,32,33329,3,0
59,19428,17,20365,0,1
61,15818,8,39029,1,0
41,2549,22,1737,3,1
32,10956,9,9096,1,1
49,7140,18,19938,2,0
49,11837,4,12682,0,0
41,4716,22,27499,0,0
58,5481,29,44491,2,0
69,7548,24,44866,1,0
66,19677,27,41894,2,0
66,5837,33,46157,1,0
69,8758,24,41034,0,0
29,11900,9,294,0,1
56,8993,13,32536,1,0
19,6542,29,24596,1,0
20,15828,24,32649,3,0
66,17052,13,11434,1,1
54,3385,34,38098,1,0
66,15308,33,4655,2,1
34,1671,9,17493,7,0
66,1163,34,46228,1,0
19,9656,10,3771,5,1
19,12234,10,8563,1,1
45,5795,20,17558,0,0
40,11634,20,33932,3,0
54,5798,21,42243,0,0
49,19739,6,26567,1,0
50,11749,16,32376,1,0
18,6827,1,21922,1,0
36,5719,11,12388,1,0
19,1593,17,29332,0,0
61,8394,10,46737,0,0
43,15056,15,23495,1,0
49,11636,17,8434,3,1
23,1016,34,20991,1,0
49,4191,25,27472,3,0
21,1392,15,40030,0,0
28,7272,5,26849,2,0
34,17955,11,1541,0,1
55,4631,12,2765,0,1
41,7172,3,43074,1,0
22,10312,1,37259,2,0
69,19663,25,29283,0,0
51,9906,26,35851,1,0
23,18159,26,34625,3,0
39,19631,14,769,2,1
28,17462,7,17806,2,0
65,9080,6,24982,0,0
33,8099,11,2972,0,1
50,15916,12,18256,1,0
26,8083,16,38367,1,0
23,10223,16,18653,3,0
33,5940,20,38043,4,0
46,4456,7,21133,1,0
20,8788,4,39339,5,0
37,3711,25,25757,0,0
53,12280,15,37840,2,0
36,19052,27,42399,0,0
43,17531,28,44013,5,0
20,13089,11,32069,5,0
36,11142,29,14706,0,1
37,17749,22,38231,0,0
49,16587,15,27909,0,0
24,10866,13,40218,0,0
69,5531,9,11095,0,0
58,13686,6,20343,1,0
50,6330,28,26469,1,0
57,6510,2,1313,4,1
56,9964,14,7847,0,1
35,7493,18,9166,1,1
57,11759,12,9930,2,1
18,6439,20,3285,0,1
28,15473,26,35863,1,0
45,10765,28,16704,1,0
42,14279,19,18705,0,0
67,7511,24,555,0,1
40,12483,5,21323,0,0
48,18630,1,5432,1,1
47,3376,21,1386,2,1
59,12824,31,44007,3,0
52,19211,15,10619,2,1
24,7979,17,6854,2,1
33,10832,4,42964,3,0
43,13504,29,48801,5,0
65,7910,18,7637,0,1
69,15089,22,21225,2,0
66,3196,33,45730,2,0
19,6978,12,26739,1,0
18,18153,28,47708,0,0
65,1780,21,10618,1,0
29,10908,8,36561,1,0
22,7303,18,7373,3,0
54,15686,5,35281,1,0
49,4983,14,20187,4,0
26,10503,19,2327,0,1
58,17905,8,32391,1,0
52,14070,31,41577,1,0
36,13232,3,18549,1,0
65,5583,17,39220,3,0
33,6946,4,7642,2,0
20,17377,19,14435,0,1
37,8128,22,33760,1,0
41,12889,10,38192,5,0
50,13275,21,4381,0,1
41,3461,3,31047,2,0
69,15291,28,19558,3,0
28,15036,33,30782,1,0
66,12435,12,4782,0,1
25,1685,8,25881,1,0
53,19544,30,40228,1,0
55,13258,6,29409,1,0
57,16990,3,19462,1,0
37,17422,18,2983,2,1
52,11736,29,31933,0,0
65,5875,30,46950,1,0
42,18640,34,2523,1,1
52,12182,20,9677,1,1
42,3196,30,10292,2,0
46,8165,18,15089,2,0
35,16997,30,4581,4,1
63,15215,31,11907,1,1
35,1301,1,5609,3,0
19,18030,9,44143,2,0
52,15571,1,22936,1,0
33,10951,1,42725,1,0
58,11773,23,45723,0,0
53,17140,16,33988,0,0
50,14057,31,29506,0,0
21,13500,15,13163,4,0
50,16921,15,46057,0,0
31,12870,30,12537,1,1
38,5082,23,22419,0,0
65,14718,0,42578,1,0
37,11517,10,9455,0,1
25,4754,20,9063,0,0
24,2724,3,834,1,1
20,2376,6,32214,1,0
34,9706,25,27398,4,0
50,9894,11,34492,1,0
65,19037,30,2413,0,1
29,19450,16,9505,0,1
68,17406,32,37266,4,0
39,19844,10,2105,2,1
39,6926,27,2568,4,1
63,7251,31,42098,1,0
47,10496,0,49361,0,0
55,4300,27,37679,1,0
55,9553,6,49385,1,0
62,4727,1,33560,0,0
68,17898,23,14195,3,1
25,17832,3,46669,2,0
44,7019,18,15762,3,0
44,16463,25,41294,1,0
51,11047,10,15898,1,0
38,12754,10,21577,0,0
47,3520,2,1214,2,1
50,4081,11,20803,2,0
45,2428,2,48114,2,0
64,4967,26,23698,3,0
50,7445,1,32980,3,0
22,15566,15,1658,0,1
65,15042,1,12270,2,1
36,12329,29,46797,1,0
21,3159,19,37792,3,0
52,6132,27,45807,2,0
66,19931,24,22301,1,0
34,15933,31,5141,0,1
61,11473,9,38756,2,0
45,11805,32,13777,0,1
47,4083,12,38346,2,0
46,18421,15,29441,1,0
63,14944,21,47819,1,0
23,8604,19,28469,0,0
52,16379,26,3845,1,1
58,4983,15,44650,0,0
54,2778,33,23290,1,0
41,6110,31,47015,3,0
46,13087,25,30699,0,0
66,18508,24,44252,3,0
63,18081,1,33146,1,0
48,3179,11,3293,1,1
52,10596,8,44398,0,0
50,6251,11,46428,4,0
69,10235,25,16608,1,0
38,19313,8,737,1,1
49,15871,9,16619,1,0
40,2013,31,12470,2,0
50,17610,33,49863,3,0
20,2828,19,22372,1,0
35,8909,1,16117,5,0
42,6588,0,14779,1,0
59,14109,23,29294,1,0
48,3023,26,21630,1,0
20,15537,1,40039,5,0
57,6891,30,49900,2,0
63,2080,13,12178,2,0
41,6036,1,19935,1,0
67,16379,28,47258,2,0
49,11822,14,22784,4,0
64,3563,11,23027,1,0
39,4292,27,31008,3,0
40,4586,19,46631,1,0
19,17087,23,1823,3,1
44,17100,20,6852,0,1
59,7643,9,13072,1,0
19,4959,13,11133,0,0
43,12005,17,15111,0,0
34,11775,23,32312,2,0
57,1161,13,24161,0,0
50,17029,33,39287,2,0
26,17977,11,1777,5,1
60,15226,21,24014,2,0
65,12154,5,14772,1,0
56,13080,21,46389,1,0
46,4390,13,44627,1,0
59,6997,15,18161,1,0
43,13693,24,42264,1,0
52,18047,31,7490,2,1
67,10324,32,41661,1,0
42,1541,19,24502,5,0
41,6093,17,35757,0,0
30,14428,2,41111,3,0
24,12166,22,32737,2,0
53,18251,31,17709,0,1
62,17063,15,44682,2,0
37,11258,4,8998,5,0
18,17044,3,28906,1,0
25,6469,20,35490,2,0
63,7256,13,4656,3,1
33,11720,30,36901,1,0
31,2169,13,25735,0,0
29,1830,5,29092,1,0
68,2651,11,1242,0,1
40,18520,15,41307,1,0
32,10518,16,1831,1,1
45,14258,22,28511,3,0
51,17184,13,7246,2,1
19,2019,6,31467,3,0
49,11028,31,18302,2,0
40,13448,14,3232,1,1
39,13485,16,36526,1,0
68,2283,33,38765,1,0
42,18043,4,10972,0,1
39,19394,26,48136,0,0
39,2733,22,34592,1,0
66,19509,13,10683,3,1
69,19555,14,23664,2,0
59,17230,32,36828,0,0
23,15472,30,33172,1,0
32,13889,34,18105,2,0
60,4471,16,21700,0,0
54,10028,27,11017,1,1
50,9329,18,36613,0,0
25,3097,22,20594,0,0
61,15082,31,11384,0,1
61,14930,12,30348,0,0
22,11077,19,16448,2,0
56,7397,34,9491,2,1
21,3757,4,13112,0,0
23,19284,8,31021,2,0
62,19994,28,44553,2,0
49,18833,5,968,0,1
69,6017,24,368,2,1
47,17370,30,8424,0,1
64,8999,21,35010,1,0
52,11195,1,35851,2,0
57,3096,4,25496,0,0
69,16433,26,30936,1,0
33,11595,24,13322,0,1
30,16941,7,1469,2,1
67,16078,0,37493,1,0
59,6105,19,4259,2,1
47,3839,22,36390,0,0
36,4384,31,10292,1,0
34,11851,10,26841,3,0
36,11053,23,28365,1,0
45,14493,10,17207,2,0
43,18069,28,36199,2,0
54,15139,25,22912,1,0
43,8531,15,36919,1,0
40,5283,34,36981,0,0
26,8736,19,15235,0,0
29,8710,2,41757,0,0
18,2619,0,33547,3,0
18,14975,0,48119,2,0
64,13835,16,43810,3,0
51,16261,1,19276,1,0
49,2431,28,31923,1,0
65,10067,19,5534,5,1
42,5713,5,26469,2,0
57,10557,7,36074,1,0
62,10435,28,35670,0,0
18,5998,32,32563,2,0
33,1162,2,46159,2,0
56,2974,34,36486,5,0
22,9461,4,21,0,1
39,18015,26,34268,0,0
46,18289,11,41802,1,0
20,3014,19,15799,0,0
29,10833,19,26336,1,0
43,8896,8,3641,2,1
33,1204,3,21596,1,0
68,17965,18,32959,2,0
54,10032,26,13306,0,1
39,6347,12,46182,1,0
46,3643,12,8587,1,0
31,9017,21,31359,2,0
45,19681,27,21498,0,1
22,18258,21,4662,1,1
64,6560,18,37094,0,0
66,16892,7,41833,1,0
47,15531,7,27197,1,0
63,18073,25,20719,3,0
69,5000,25,24665,4,0
22,15289,22,43239,0,0
29,18055,12,25032,2,0
33,8927,27,12641,0,1
43,16562,8,41964,2,0
43,2171,19,30028,0,0
65,12918,18,45494,0,0
38,10135,11,15651,1,0
56,7342,14,8536,2,0
53,18833,30,45712,1,0
50,12929,13,6273,2,1
47,3539,10,6284,0,0
54,4959,25,25692,3,0
40,14183,26,8817,1,1
27,6432,10,28955,3,0
22,19745,33,26555,1,0
53,2753,18,20378,2,0
51,19322,5,41182,5,0
69,11123,27,17127,0,0
48,17376,0,49614,2,0
27,7588,34,17952,2,0
36,7304,7,11539,0,0
49,8345,6,46761,3,0
18,16352,10,46219,1,0
22,1597,3,14692,2,0
62,3336,24,18120,2,0
21,10879,11,13334,2,0
33,1572,25,28615,3,0
41,8521,11,7903,0,1
33,7171,23,28527,3,0
19,19474,15,15629,0,1
66,14992,12,17740,0,0
45,12861,24,33782,1,0
49,13464,3,26708,3,0
44,2633,10,10860,0,0
37,18901,31,17438,0,1
41,13485,6,1764,3,1
29,11849,10,6009,1,1
67,4648,27,20842,3,0
52,16177,22,42372,2,0
50,14140,22,48780,1,0
50,18921,27,33435,3,0
68,15357,25,3370,0,1
60,14368,24,38744,0,0
54,4137,28,20454,1,0
29,1097,18,41381,1,0
20,12407,32,38367,1,0
18,13722,13,3650,4,1
50,13924,13,45117,1,0
57,4750,34,25708,2,0
27,9535,29,42662,2,0
60,5666,27,3190,2,1
61,17009,16,48113,3,0
46,17994,2,8789,2,1
30,2727,15,32125,5,0
29,2854,29,33159,2,0
48,11800,28,17459,2,0
63,6055,14,35418,1,0
19,11271,24,46368,3,0
68,19708,22,47085,0,0
67,13819,24,18768,5,0
52,10369,6,49961,4,0
40,10283,21,15563,1,0
34,14171,16,27885,0,0
43,6774,17,21885,2,0
25,7519,9,6895,3,0
46,11983,9,23958,2,0
43,19133,6,1531,0,1
27,15939,26,5481,0,1
43,1781,32,23932,3,0
51,17282,0,21360,1,0
68,7823,33,43642,2,0
58,19489,3,24829,0,0
24,8193,16,19932,2,0
21,3113,3,38931,2,0
67,17280,25,38032,1,0
62,14565,3,15890,5,0
28,11183,0,18807,2,0
46,18961,6,11767,2,1
53,10203,29,8071,2,1
42,19658,8,26149,3,0
38,16795,34,15540,1,1
53,19810,7,35676,0,0
27,14489,23,4712,2,1
54,6546,18,26201,0,0
26,7852,26,44958,2,0
41,3551,31,19899,3,0
52,7411,13,19787,1,0
66,17391,17,20982,1,0
52,19939,27,22606,1,0
65,1475,28,10150,2,0
53,11403,15,20393,1,0
35,8239,34,37259,1,0
66,7710,30,46687,0,0
56,9078,3,46936,1,0
49,3285,16,27750,0,0
41,6223,25,8593,3,0
40,14521,3,17358,2,0
49,15889,29,16607,0,1
54,7971,29,37381,0,0
29,12531,21,24811,0,0
66,15721,10,28074,0,0
30,5943,1,20595,3,0
40,7530,11,44194,3,0
42,12116,29,49377,3,0
52,1258,17,26853,2,0
58,1282,25,8183,1,0
47,14937,6,20661,1,0
34,2898,0,41169,2,0
66,5135,25,36495,0,0
37,7629,22,13703,3,0
65,12168,25,30815,2,0
42,1612,5,29565,2,0
39,15203,5,22942,1,0
30,18071,7,42986,3,0
36,3307,23,33161,2,0
66,8133,21,48760,2,0
53,12205,18,41803,1,0
29,6906,17,9716,0,0
58,3591,30,41563,1,0
36,16149,29,33349,0,0
29,13150,32,47098,1,0
26,8183,9,42899,1,0
24,11102,11,132,0,1
45,18053,29,47752,1,0
31,2283,26,3385,2,1
48,1923,8,36538,1,0
69,2125,20,35036,0,0
36,2529,11,33743,1,0
64,9438,28,40373,3,0
33,17154,32,7213,0,1
22,9004,14,44223,2,0
52,10752,1,26119,2,0
29,11592,17,2835,2,1
42,4864,2,2738,0,1
69,1226,6,42317,4,0
38,16036,17,4134,0,1
53,12739,32,25892,2,0
40,17648,30,39601,0,0
33,10587,10,8353,3,1
56,12749,3,15690,7,0
62,1645,17,1909,2,1
59,17299,3,25703,3,0
56,14675,33,14496,2,1
31,19888,28,12062,0,1
48,11964,23,9850,1,1
22,17087,21,27701,0,0
52,14537,1,34731,1,0
40,14269,5,5153,1,1
46,10346,24,10481,0,1
60,1587,20,33734,3,0
28,13763,15,889,1,1
35,10177,30,19445,3,0
64,5079,13,6461,3,0
29,4348,27,38934,1,0
26,19099,31,28205,3,0
27,11785,27,23351,2,0
61,13328,8,16006,2,0
34,7450,21,44149,2,0
55,14230,31,49112,2,0
24,6433,4,10940,2,0
63,2098,22,11258,3,0
30,8096,4,24485,1,0
57,19710,31,23763,2,0
59,12439,9,40048,2,0
26,10087,14,1067,2,1
67,17021,6,20607,2,0
44,7416,28,43883,1,0
19,7980,2,9018,0,0
22,19058,18,48521,2,0
46,12101,9,46946,0,0
54,8950,27,15187,2,0
55,10122,28,37375,2,0
36,13576,14,3985,1,1
25,2089,34,43052,2,0
65,5578,5,19563,2,0
62,10127,11,47322,0,0
18,11487,12,37306,0,0
39,1155,28,18608,3,0
69,2958,18,39139,3,0
34,11693,2,1726,0,1
24,7344,7,26582,2,0
42,6779,7,5791,1,1
62,4830,19,8458,2,0
21,10046,3,17221,1,0
53,10794,20,48506,0,0
23,1441,2,20968,1,0
48,15478,7,17070,1,0
36,5628,22,27937,0,0
61,7370,15,49508,1,0
56,10528,12,41831,1,0
44,18332,2,42933,1,0
27,12565,8,47307,0,0
43,9179,13,48340,2,0
36,17013,12,37415,1,0
56,17843,6,42770,1,0
20,1392,14,20802,0,0
62,13130,6,43601,3,0
30,19171,33,10420,3,1
67,11449,21,6642,2,1
45,18522,23,19775,2,0
37,8418,0,28754,2,0
45,3454,9,43310,0,0
25,18761,15,4357,1,1
58,16223,7,21263,1,0
56,7701,24,48367,1,0
18,3597,11,13201,2,0
20,1141,24,2739,0,1
30,3659,16,13231,2,0
45,10031,25,42278,1,0
66,16037,13,42495,0,0
42,14970,22,21168,2,0
50,6661,5,32624,1,0
55,7142,4,10635,2,0
23,13109,24,9964,1,1
61,9787,17,27785,2,0
62,11096,12,29510,2,0
49,9472,13,17261,0,0
62,17807,27,19254,0,1
64,5249,17,11392,1,0
38,15949,27,12336,2,1
33,2750,26,11939,2,0
38,19351,31,27412,0,0
28,5088,8,16676,0,0
54,16282,31,9843,1,1
53,10641,19,45591,0,0
52,6075,27,25112,0,0
36,11412,32,30598,1,0
37,16686,3,35454,1,0
35,8230,33,33001,1,0
64,16432,2,27228,3,0
58,12002,25,14429,0,1
66,14947,7,18758,2,0
31,14686,5,2272,4,1
32,18915,15,17350,0,1
48,14074,23,22538,0,0
18,5493,29,3400,1,1
20,18317,12,15371,1,1
33,2460,4,37310,2,0
40,15140,24,36291,1,0
28,11704,19,18147,1,0
29,17669,17,3291,1,1
27,17648,17,35256,3,0
49,7816,1,10892,2,0
33,12639,9,34326,3,0
25,15424,11,37458,1,0
55,14965,12,38889,0,0
29,19146,10,44966,3,0
41,12240,18,37207,0,0
45,1040,34,40288,0,0
25,6827,25,25995,2,0
45,9259,13,5409,0,1
53,18371,23,42438,1,0
43,15849,0,44874,2,0
25,17232,21,44702,2,0
67,8804,22,29823,2,0
45,6374,18,7869,1,1
45,3524,17,35724,4,0
54,10277,11,22401,2,0
58,19863,27,25958,2,0
53,10885,27,10766,2,1
44,1778,32,19768,0,0
34,2492,18,30794,2,0
26,18044,27,26145,0,0
50,18732,25,10086,1,1
37,14615,34,43203,2,0
30,13132,33,26442,0,0
45,11178,34,16412,0,0
65,8851,15,25596,1,0
46,17288,12,10255,2,1
30,8156,22,42406,2,0
63,3044,21,40524,2,0
52,8368,15,23332,1,0
23,14635,27,44624,0,0
35,10168,34,15764,0,0
68,18111,7,27563,3,0
22,12328,21,22139,1,0
64,14319,20,36370,1,0
42,1342,25,5062,1,1
19,2447,20,44645,2,0
27,7581,24,7244,4,1
47,12851,0,6372,0,1
67,7317,5,39873,2,0
62,17910,22,19965,2,0
22,11088,22,44997,2,0
50,13946,22,16956,2,0
18,17789,31,40473,2,0
35,15567,29,13894,2,1
49,15868,12,45048,4,0
64,10765,17,33382,1,0
66,13466,22,4050,1,1
28,19230,14,16709,3,1
38,18862,32,15722,3,1
43,11587,20,15210,3,0
42,1771,22,49510,3,0
39,17300,26,36545,2,0
44,9770,17,38674,0,0
66,12093,23,34489,0,0
30,14803,6,17733,2,0
50,1193,19,20080,2,0
51,3007,26,36664,2,0
58,18569,5,39709,0,0
52,19778,26,46232,2,0
18,12190,8,38014,2,0
38,10984,30,41152,1,0
65,10302,20,27250,2,0
23,8429,25,20229,1,0
45,3261,12,48137,1,0
34,7716,22,16475,1,0
22,9921,19,46412,1,0
48,5378,27,43876,2,0
22,8815,16,29011,1,0
55,14778,27,8128,0,1
20,13728,1,32450,3,0
40,11332,24,18897,4,0
54,10836,5,8168,0,1
54,3800,10,6861,2,0
27,9333,5,41758,1,0
27,6410,10,13750,1,0
36,18839,13,16988,2,1
34,6808,1,2979,2,1
38,7796,2,23524,0,0
31,11288,34,7065,1,1
26,18709,32,37684,1,0
63,18543,23,23184,1,0
18,5650,18,33365,2,0
68,5987,17,23704,2,0
62,16200,23,5622,2,1
30,5697,34,18261,1,0
21,17724,0,44932,3,0
18,4828,24,28419,4,0
66,19352,33,34467,2,0
57,18087,24,25605,2,0
49,13605,15,29171,0,0
51,6482,33,22164,2,0
45,19184,28,49868,3,0
48,6463,18,46197,1,0
25,14860,22,13796,1,1
56,5912,18,36854,2,0
43,5648,24,31320,0,0
51,1855,15,665,2,1
20,3866,8,32694,1,0
67,12834,0,24230,1,0
29,17294,18,22995,1,0
18,17566,32,26784,1,0
61,4112,33,14605,0,0
22,5492,15,17463,2,0
47,16114,17,8419,0,1
47,2517,33,47952,0,0
34,17018,24,33837,2,0
65,18740,5,5263,4,1
64,12431,20,48877,0,0
40,9210,5,40719,1,0
32,12595,31,45687,2,0
54,13871,30,34131,1,0
38,13743,9,37276,1,0
31,10324,29,34523,0,0
19,12531,17,519,1,1
28,7588,23,31106,0,0
68,4311,8,44504,0,0
56,1987,30,10514,2,0
55,4321,14,47456,0,0
51,16812,3,7233,1,1
55,5615,8,1102,3,1
67,16512,8,597,4,1
51,14146,25,46715,1,0
35,14654,3,19657,1,0
47,4052,16,45009,2,0
32,1726,15,38549,0,0
44,4760,14,43565,2,0
68,2875,34,6256,4,0
51,14969,4,43148,2,0
69,5033,4,29401,1,0
55,6443,19,41548,0,0
50,18373,14,6554,6,1
41,4744,17,12664,1,0
32,17977,1,42367,1,0
47,2774,28,48279,4,0
59,11651,12,24386,1,0
68,1935,3,4846,1,0
34,14395,9,26205,0,0
22,4808,30,25570,2,0
46,17715,7,30255,1,0
21,12641,2,21182,3,0
27,15376,8,39373,3,0
34,6889,29,43019,2,0
27,6054,10,16043,0,0
34,4868,34,45532,1,0
37,17585,12,35754,0,0
41,19881,12,400,6,1
22,2842,11,19239,3,0
51,11058,9,10416,2,1
23,10101,8,3412,4,1
19,13497,6,16440,0,0
30,5658,1,24406,0,0
60,12381,22,1875,2,1
60,8544,20,37066,2,0
65,8718,22,36536,2,0
28,14851,28,5752,0,1
68,18154,13,21217,2,0
64,12777,25,12489,3,1
40,2628,4,1353,1,1
33,1386,30,26986,5,0
48,7031,24,21371,0,0
28,7439,30,39365,2,0
33,14392,19,14691,0,1
25,19850,16,4311,1,1
21,3282,1,48075,0,0
57,2856,24,10794,1,0
21,16670,12,2934,4,1
42,2998,27,16406,2,0
20,6476,5,10394,2,0
49,10428,2,26872,5,0
20,5669,34,41708,2,0
44,13336,17,49956,0,0
46,10342,10,41093,1,0
49,8064,19,20800,5,0
67,8446,4,43397,1,0
68,18815,18,37909,1,0
36,6624,21,21352,2,0
38,8461,18,36439,2,0
22,2819,15,28312,2,0
35,11516,23,40060,0,0
45,14749,3,15438,4,0
59,18514,14,23385,0,0
39,3658,24,44999,2,0
38,4500,34,18482,2,0
23,3120,13,32471,3,0
18,5020,18,47279,2,0
22,11213,6,43877,3,0
58,4259,29,41212,0,0
29,11081,18,48373,2,0
43,2823,24,13026,3,0
63,18858,15,42089,2,0
51,19626,7,19648,0,0
66,14467,17,5435,1,1
31,7990,27,8493,1,1
43,4134,15,6691,1,0
62,19454,18,2763,4,1
44,17743,16,20389,2,0
26,16434,12,31498,2,0
43,16007,6,36009,1,0
64,11233,26,35825,1,0
39,17378,9,16934,1,0
64,2141,33,5574,4,0
47,19019,24,38179,1,0
60,11135,5,1587,1,1
65,13966,23,42782,4,0
34,4361,17,38688,2,0
43,8835,22,11688,1,0
53,12172,5,4409,4,1
18,17390,28,5783,0,1
25,4267,24,33480,1,0
66,7564,16,26751,2,0
52,19990,23,38174,2,0
69,12411,10,12041,2,1
32,6906,25,23227,1,0
64,17028,33,35201,1,0
39,8611,27,36069,0,0
31,18297,2,16654,1,0
43,3011,10,26370,1,0
45,18826,13,29482,3,0
40,12246,25,11586,1,1
31,14790,20,5322,2,1
41,12738,29,13932,1,1
19,15730,7,29299,1,0
62,12120,19,25179,3,0
43,19213,31,5257,1,1
31,9767,21,46501,0,0
68,14703,6,46136,1,0
24,1929,8,9777,4,0
20,12951,0,11249,3,0
64,16845,28,21390,1,0
40,18438,7,20369,1,0
63,16747,3,12881,2,1
60,6744,34,9587,0,1
64,19284,2,28264,1,0
62,10649,6,8791,3,1
35,7980,26,41473,0,0
55,8069,0,22375,1,0
52,10591,26,22611,3,0
68,1442,15,42026,5,0
32,5652,6,7833,2,0
42,10370,22,47013,1,0
54,8597,10,15754,1,0
45,15325,32,42048,0,0
27,5458,16,12577,3,0
56,7591,34,31095,1,0
34,17346,4,21248,2,0
56,12826,31,35282,2,0
39,19693,2,36737,1,0
43,15138,34,31891,2,0
61,18294,13,24124,2,0
42,3169,30,4566,1,1
34,19556,30,2196,1,1
30,7313,16,31115,2,0
37,9315,23,49941,0,0
42,9036,22,19859,0,0
21,1785,17,11345,1,0
27,7139,13,34077,0,0
20,7344,14,864,2,1
58,19800,14,12055,4,1
62,15973,5,38157,2,0
35,6619,26,19747,4,0
64,2936,14,44484,2,0
53,4807,7,11978,6,0
64,8151,14,24599,0,0
39,10493,2,35771,1,0
51,13355,12,46942,1,0
64,4236,33,46540,4,0
25,16848,23,17615,2,0
57,3352,31,40727,2,0
66,2932,31,44748,2,0
61,11913,29,39349,1,0
36,9556,12,29377,0,0
59,6498,0,30031,1,0
58,11582,33,49573,1,0
54,18330,14,42733,2,0
23,14865,13,11760,1,1
69,10569,28,47690,4,0
43,18823,33,33714,2,0
51,5857,17,25762,1,0
62,1340,6,34332,0,0
23,12181,28,40100,1,0
54,17766,30,4944,3,1
50,9491,24,48825,2,0
39,1138,13,13877,2,0
38,1358,7,29990,3,0
23,10714,26,42907,1,0
23,2627,1,34076,4,0
65,16996,16,49538,4,0
21,6004,13,3258,2,1
47,14283,24,31629,3,0
28,7652,29,37579,3,0
47,3151,28,22958,1,0
48,10429,19,39465,2,0
41,15072,20,20317,0,0
26,12927,21,15775,1,0
20,7905,34,11039,0,1
68,13452,15,29097,0,0
48,17212,16,34207,2,0
57,19951,15,22553,1,0
54,2307,1,44402,2,0
53,15852,3,55,1,1
41,3660,20,23161,3,0
48,11403,33,32873,3,0
23,11238,29,35969,2,0
19,7207,5,15184,1,0
37,2140,16,669,1,1
45,2708,24,12663,0,0
28,4630,4,25318,0,0
21,11485,4,33734,3,0
32,13021,19,16691,3,0
23,17859,15,18522,3,0
66,8684,8,11656,0,0
47,2207,4,15893,2,0
55,14331,1,45857,1,0
68,2960,8,16493,1,0
19,1557,21,3632,3,0
32,16883,21,30336,2,0
28,14893,21,23112,2,0
25,1882,33,38452,1,0
43,5761,28,13266,2,0
68,6867,32,16940,2,0
62,13869,17,24003,0,0
61,8166,6,32872,2,0
22,13982,0,34815,1,0
23,8929,32,30869,0,0
43,6347,0,49297,3,0
21,8269,23,17257,0,0
36,14527,3,16682,1,0
37,3454,3,19622,1,0
50,19330,17,30408,1,0
37,13991,26,8837,4,1
66,3808,31,15407,1,0
29,7642,32,29309,1,0
64,4825,27,6382,3,1
18,4536,5,27654,2,0
43,16309,15,18895,0,0
31,4802,33,33551,0,0
55,19354,22,21376,3,0
54,7142,23,370,1,1
28,10094,12,48676,1,0
53,1364,17,486,0,1
30,16688,12,23762,2,0
60,2863,16,26613,2,0
20,17499,14,47268,1,0
50,8084,17,3196,3,1
23,9016,22,42320,6,0
67,3384,29,29401,1,0
27,16072,33,35029,3,0
22,4935,3,10813,0,0
40,14127,2,41916,1,0
27,15482,6,8572,2,1
61,8742,17,47776,0,0
19,17165,6,28225,1,0
30,3490,5,45853,2,0
57,14324,21,49390,1,0
19,19108,0,32275,1,0
37,2137,3,6843,1,0
18,4420,28,1105,0,1
54,6845,20,43209,0,0
26,4906,25,31639,3,0
34,13413,13,42487,0,0
26,1276,8,18051,0,0
28,19383,11,28708,3,0
32,18611,5,35459,0,0
41,7337,19,11864,2,0
55,12944,23,34764,4,0
52,16906,26,1425,1,1
47,18079,7,49146,1,0
48,13306,0,6849,3,1
66,11503,23,36015,0,0
22,5208,6,18976,3,0
61,12590,18,34258,2,0
67,11886,21,47078,2,0
31,13866,34,31113,0,0
28,2088,29,49984,1,0
26,4363,28,15401,4,0
51,1024,21,12884,1,0
29,10764,10,18824,0,0
52,10959,19,37563,2,0
52,13935,28,34414,1,0
18,9068,33,16142,1,0
57,19619,0,47074,3,0
39,8295,30,49592,0,0
46,9392,29,5956,4,1
25,12390,17,13928,0,1
28,9448,16,9721,2,0
58,11433,13,11157,2,1
54,16038,22,35135,0,0
31,12528,24,6696,4,1
47,16743,14,27862,0,0
52,9605,21,5190,1,1
38,3014,2,4663,2,0
54,2381,18,39830,0,0
22,2098,33,4331,1,1
36,10101,34,44648,1,0
31,1187,0,28549,1,0
43,12948,20,16246,2,0
21,11207,28,25761,1,0
42,3092,5,3262,0,1
62,19514,0,46088,0,0
59,6242,0,7036,4,0
42,9549,26,22322,1,0
35,6185,20,19131,1,0
57,16271,15,4677,1,1
25,6776,25,7972,1,1
56,13449,15,15329,3,0
57,8823,27,37032,0,0
31,16717,0,35901,2,0
49,8355,9,44380,2,0
68,7465,16,20493,1,0
55,13737,22,18595,3,0
50,18881,6,21923,2,0
40,14324,6,46926,1,0
32,11350,14,9735,1,1
50,3555,33,34457,1,0
42,3951,3,42531,2,0
34,18622,13,7727,3,1
50,5727,13,7764,1,0
64,6686,15,45771,2,0
19,4701,6,27599,2,0
31,3780,31,818,0,1
57,18972,18,47207,3,0
57,3368,1,47845,0,0
68,16592,9,37289,1,0
56,1436,16,33892,1,0
68,3828,11,5660,1,1
23,2556,5,29521,2,0
23,14364,21,38409,1,0
20,16061,31,34470,5,0
24,11576,19,18385,0,0
68,17566,0,23296,1,0
25,8190,5,23616,1,0
59,6565,18,26382,1,0
69,16369,17,11139,1,1
32,2589,5,32060,2,0
64,1159,32,22419,2,0
46,13145,22,27785,1,0
50,16373,22,15702,1,1
69,7555,25,29217,4,0
47,17237,12,39291,2,0
56,10203,6,12397,1,0
44,9244,14,40879,1,0
53,15743,26,35169,1,0
46,14333,25,26940,0,0
55,14341,32,42249,0,0
50,19691,14,28341,3,0
54,2228,26,10067,2,0
44,6590,4,46144,1,0
50,6585,1,13824,1,0
21,10227,32,13444,1,0
39,7046,15,45647,3,0
19,13237,22,48880,0,0
27,16649,15,33307,1,0
22,5945,13,10974,1,0
27,8927,28,46614,0,0
50,13641,25,38383,1,0
55,16998,34,29290,0,0
30,14386,14,16016,0,0
48,8016,2,32112,0,0
64,15027,22,28513,1,0
53,16920,28,2956,2,1
62,14752,33,8077,1,1
41,19268,32,36490,1,0
69,19193,22,44827,1,0
32,4167,6,37855,1,0
46,12989,2,43106,2,0
25,15087,31,34938,2,0
22,3437,30,36159,0,0
46,16275,17,39710,3,0
64,6276,6,18000,3,0
21,9859,0,13806,0,0
29,8818,13,47560,1,0
62,5728,31,12809,4,0
19,6738,5,14855,1,0
44,6793,9,41876,1,0
48,5523,6,29388,1,0
68,6571,25,6458,1,1
68,17209,33,35524,1,0
53,16246,29,6853,1,1
53,11380,20,40477,2,0
43,3224,16,32222,1,0
60,9389,32,18320,0,0
44,16927,9,28618,1,0
22,12684,11,45615,0,0
37,11640,15,17352,0,0
28,9662,31,7297,3,1
27,7361,14,27940,1,0
57,2948,26,49024,0,0
55,13091,27,3203,1,1
23,12992,16,39267,3,0
25,7318,1,37941,2,0
40,13180,6,17273,1,0
64,1234,12,25368,1,0
43,16372,14,11650,1,1
63,1522,24,30984,1,0
60,13718,22,41941,2,0
29,10821,21,7382,3,1
43,6832,25,801,2,1
30,13820,32,41002,0,0
57,17211,10,46665,1,0
35,8122,9,47965,0,0
42,6842,24,19733,2,0
50,2316,23,9969,3,0
64,14200,32,35969,0,0
57,18508,16,16733,0,1
60,16206,23,32449,1,0
29,19971,1,26143,2,0
61,2378,31,25705,1,0
53,2519,23,28363,2,0
65,8935,8,30720,3,0
21,7093,3,9972,1,0
22,6355,16,33351,3,0
54,10083,16,45487,0,0
25,6574,29,36145,0,0
59,14324,10,22412,1,0
66,3257,20,24078,0,0
45,14411,20,22580,3,0
48,16233,17,14855,2,1
26,16887,28,36169,0,0
68,3005,23,46404,2,0
46,19400,9,19569,1,0
31,11860,16,48506,0,0
57,11070,17,25738,4,0
58,10388,19,6772,1,1
39,19156,17,24874,1,0
28,19135,16,19731,0,1
40,15609,8,10131,2,1
18,17363,13,788,1,1
63,17923,28,16184,0,1
54,15823,30,30897,3,0
38,18845,3,2889,0,1
43,9547,17,9569,3,0
63,12515,19,21657,4,0
53,1234,8,10141,3,0
40,15562,12,19656,2,0
18,18932,14,21618,0,0
68,8480,26,11934,3,0
57,5213,14,42537,1,0
32,11293,27,23286,0,0
38,2673,18,7612,3,0
64,3100,25,32069,1,0
26,12849,25,16205,0,0
26,19199,24,27331,4,0
27,4841,25,13934,1,0
69,11197,25,10095,0,1
43,9016,27,25958,2,0
58,8011,17,37008,0,0
52,5493,31,18706,2,0
69,18058,2,43516,1,0
42,9578,1,38066,1,0
43,3158,32,31472,0,0
28,3064,18,34629,3,0
55,4253,16,46910,0,0
19,13828,32,23004,1,0
24,2401,11,20431,0,0
35,16193,2,40088,2,0
44,13096,25,44135,1,0
51,5214,34,38015,1,0
44,12023,7,34502,2,0
34,12950,6,31385,3,0
60,11704,15,4663,1,1
61,11343,23,38677,5,0
68,12867,0,12818,2,0
41,3745,24,22686,1,0
42,4866,9,23977,0,0
24,12956,15,49832,2,0
69,6818,15,40931,3,0
23,19606,7,18454,4,0
41,17093,28,13358,1,1
50,16493,27,6668,1,1
66,18908,5,45784,1,0
46,9224,15,40769,0,0
60,5025,19,9921,1,0
39,19950,15,34959,3,0
43,7155,6,32328,1,0
45,14839,13,8859,1,1
67,1719,25,23970,3,0
38,15890,25,8872,1,1
66,18356,13,19230,1,0
24,19591,6,26708,1,0
34,5426,32,18847,4,0
37,13512,25,27105,4,0
58,16064,19,4922,0,1
66,14767,2,4392,1,1
37,12308,3,13541,3,0
39,12477,25,19551,1,0
45,13903,10,19381,1,0
57,9680,1,47783,2,0
66,3204,13,35995,1,0
24,2102,29,22948,1,0
18,6243,11,26728,1,0
49,7614,25,2024,1,1
30,17299,32,16713,2,1
47,9707,12,2486,2,1
40,14913,13,1155,0,1
68,1630,23,10082,1,0
36,12908,33,37245,0,0
49,11847,25,18569,1,0
47,10171,20,7086,1,1
46,13721,27,2317,2,1
66,17661,1,36389,0,0
62,17616,8,4491,2,1
46,10744,22,15916,2,0
47,6690,14,15248,4,0
33,14401,12,2511,2,1
57,8659,22,24226,1,0
36,11601,16,25025,0,0
35,12704,1,42314,1,0
18,1025,19,48380,1,0
31,16384,19,7848,1,1
68,14705,2,14274,0,1
64,9652,11,30958,1,0
67,14379,1,35233,1,0
19,8006,13,16304,4,0
45,19378,15,48437,2,0
66,9682,18,11294,0,1
67,2072,33,26425,0,0
47,1215,5,3175,2,0
55,10915,12,40617,1,0
68,10784,21,45241,1,0
21,19990,17,27775,4,0
18,15824,11,9425,0,1
25,4313,29,26013,3,0
46,12033,6,27928,0,0
56,10968,31,44990,1,0
20,17241,18,41212,0,0
49,6939,5,8210,2,0
27,15696,19,2759,2,1
27,15794,26,16091,2,1
36,3295,6,2,3,1
63,2696,4,40958,4,0
51,12185,10,30160,3,0
50,19330,14,20707,4,0
40,13001,2,15248,5,0
45,15350,4,5773,1,1
49,4644,22,12786,2,0
67,7420,8,15037,0,0
24,12837,14,1885,0,1
46,7353,2,39828,0,0
25,11541,28,16331,0,0
18,2932,5,40612,1,0
20,12486,16,22495,0,0
41,2757,25,13450,0,0
40,6085,20,9491,2,0
25,6637,7,9268,2,0
64,2116,20,27757,1,0
54,11759,10,41907,1,0
20,12691,7,6791,1,1
68,1492,23,39939,2,0
50,9811,34,28314,1,0
45,7474,13,28583,1,0
64,15385,13,21550,0,0
25,10738,9,93,2,1
51,14979,11,35755,0,0
52,12755,33,45615,1,0
49,10797,9,9967,1,1
41,15607,16,16218,1,0
31,13867,16,43220,0,0
49,8866,2,8627,1,0
63,16449,30,4947,2,1
60,11685,0,39419,1,0
33,6451,11,23178,4,0
21,9548,3,28876,1,0
69,8186,12,22908,1,0
54,7102,33,35912,3,0
38,1619,20,19971,3,0
31,1882,21,32584,1,0
48,4642,3,49228,1,0
65,2296,17,8959,0,0
35,15122,4,28261,2,0
24,3895,18,41065,0,0
27,18313,1,39462,2,0
24,6366,11,15835,0,0
50,9711,16,19257,0,0
40,19793,9,3346,2,1
38,9199,33,30807,1,0
36,11717,5,30418,2,0
65,4423,7,11340,2,0
36,11211,10,33012,2,0
53,13782,11,35393,3,0
46,13474,8,36617,1,0
35,4667,1,9597,2,0
19,9277,7,25557,2,0
18,13424,10,7737,1,1
64,19852,9,46792,2,0
22,19020,20,44768,1,0
37,9155,19,41101,3,0
28,4583,7,17276,2,0
59,16515,28,7310,2,1
19,5009,11,35167,2,0
20,11410,13,37408,1,0
40,19601,20,19344,0,1
29,5967,21,10391,1,0
37,19753,20,10892,4,1
22,11695,29,11197,1,1
54,10135,19,13050,1,0
55,6722,23,36142,1,0
47,16514,22,45679,0,0
26,12128,6,41615,0,0
51,5444,8,47553,3,0
61,8618,0,43728,0,0
52,19060,25,13535,1,1
69,2196,21,41002,1,0
39,13297,9,43271,2,0
61,3787,5,5122,1,0
41,8927,16,9852,2,0
34,3176,23,5387,1,1
27,9792,9,31759,0,0
47,10171,7,40399,0,0
63,3451,20,39994,2,0
40,1628,5,37876,3,0
49,10821,20,34878,2,0
34,8778,23,33725,0,0
67,4696,32,7146,0,1
68,13972,17,560,3,1
34,9307,27,1312,3,1
31,5956,31,18205,1,0
26,11195,11,11595,2,0
57,18076,26,22030,1,0
19,2105,9,21329,1,0
62,19545,31,38142,2,0
42,16417,25,2651,2,1
56,15188,24,10006,4,1
26,13602,10,42701,3,0
39,10256,22,48940,2,0
60,15212,33,35645,1,0
63,2913,22,21966,3,0
21,11593,28,27846,0,0
43,2772,30,21774,3,0
46,13996,6,4083,1,1
62,3871,32,33513,0,0
51,14234,20,8749,2,1
40,18044,1,30783,1,0
54,11521,17,17325,0,0
28,11642,32,18680,0,0
23,2132,33,17323,1,0
35,1699,19,22684,1,0
38,15534,34,34493,1,0
59,11230,17,12213,3,0
53,7297,23,31831,1,0
58,13839,7,42296,0,0
55,8812,29,46930,2,0
51,5557,9,27713,3,0
34,3179,22,41621,1,0
54,12030,10,7187,3,1
42,10065,1,32800,1,0
55,9275,25,32583,3,0
29,18806,32,47661,1,0
40,16089,12,14408,4,0
59,4180,24,22369,2,0
39,7696,3,47928,2,0
38,10583,18,3414,3,1
44,17998,17,19510,1,0
48,14869,29,12120,1,1
23,12757,18,34311,1,0
44,17654,22,33039,3,0
57,13258,15,5295,1,1
51,3468,0,20460,1,0
29,15208,11,14963,4,0
62,16042,23,11580,1,1
24,16639,33,22286,0,0
27,12546,7,27328,2,0
62,13327,17,19093,2,0
34,15270,4,21605,3,0
43,16523,25,45365,1,0
38,15300,29,44813,2,0
45,11775,12,46371,1,0
63,13265,18,42705,1,0
19,17673,28,47598,1,0
60,7614,2,6722,1,1
18,4252,25,40969,2,0
68,8415,11,36912,2,0
53,17662,1,38374,1,0
68,12116,10,6766,2,1
43,17964,27,49882,3,0
46,5958,17,15928,0,0
38,5276,12,21274,1,0
28,5776,21,34416,0,0
57,18208,11,20612,3,0
28,4832,1,34898,5,0
53,15901,6,47160,0,0
66,6445,25,29047,2,0
56,2380,25,43356,0,0
57,10865,23,37134,3,0
52,14926,11,1506,2,1
51,12580,15,15222,0,0
64,6634,22,12363,3,0
41,6810,8,19613,0,0
39,11179,31,44563,2,0
22,13251,14,30628,0,0
50,14131,12,42626,4,0
53,13707,4,45384,3,0
64,19233,10,4136,1,1
37,3749,9,46246,1,0
36,14156,12,11161,1,1
52,17589,14,35457,0,0
69,4450,6,23574,0,0
60,8214,27,26902,2,0
34,12814,31,2810,2,1
62,6141,34,11663,2,0
60,3708,14,6152,0,1
51,19375,20,12,0,1
26,16088,5,11162,1,1
43,12834,0,22322,1,0
19,13278,3,7999,0,1
26,11014,10,7219,4,1
26,4273,25,5328,2,1
57,15367,22,3621,1,1
34,5538,28,24256,1,0
18,13541,20,44433,1,0
42,9712,26,11314,0,1
60,10168,12,652,0,1
57,4551,22,16182,0,0
59,13297,15,41580,1,0
42,11965,29,36558,0,0
56,3832,3,15659,4,0
52,14422,15,34413,0,0
20,1152,30,10435,1,0
67,12156,24,28067,2,0
54,12108,11,22258,2,0
61,3800,25,28287,2,0
61,6310,32,3688,1,1
68,10944,27,7689,4,1
47,3610,8,1379,3,1
55,13067,11,37011,0,0
51,2104,4,43005,1,0
29,11728,27,27624,1,0
36,8263,34,25964,1,0
54,2914,4,22891,4,0
61,1406,33,49098,0,0
66,14689,33,38379,4,0
34,1166,12,12516,0,0
27,1508,13,13886,2,0
66,19045,10,20307,1,0
64,4664,3,24843,1,0
29,14050,32,46484,3,0
33,1680,6,5912,1,0
41,19908,7,21514,2,0
36,19504,9,21823,0,0
25,5357,14,28797,0,0
48,2363,14,6449,1,0
38,10523,4,1725,4,1
34,3292,28,15870,4,0
40,2538,18,9304,1,0
54,4408,9,7522,1,0
33,9752,11,13663,1,0
23,19287,3,4784,3,1
25,1174,30,9472,0,0
42,3230,17,28952,0,0
35,5287,15,10055,2,0
42,13112,24,29508,3,0
29,8106,22,12676,0,0
32,10689,11,25192,1,0
43,13046,33,24722,1,0
58,18951,2,7446,0,1
62,2151,8,4725,4,0
43,8619,17,20061,0,0
64,7033,34,47537,0,0
49,9560,33,22671,1,0
27,5946,13,1409,0,1
33,2907,3,8205,1,0
24,4490,28,16365,1,0
34,19919,14,256,1,1
40,5173,27,15704,1,0
43,12065,15,29902,2,0
38,18677,11,35758,2,0
39,5769,4,1195,0,1
24,5796,33,34012,0,0
31,14046,0,11415,0,1
32,15211,31,39534,0,0
24,5997,25,21686,4,0
26,18376,16,11662,1,1
68,9112,26,48978,2,0
65,6287,23,28743,1,0
25,11578,34,32161,0,0
67,19624,25,43081,2,0
40,18860,22,2402,1,1
46,7426,21,49648,0,0
35,12599,3,13275,2,0
48,1389,8,28182,2,0
47,1999,3,14915,0,0
69,13812,6,909,1,1
56,16599,22,48574,2,0
52,2855,1,372,0,1
35,9125,23,22620,1,0
59,14794,30,34112,3,0
56,3763,30,8515,5,0
34,5986,33,2431,2,1
31,2481,23,21054,0,0
48,4731,25,32624,1,0
41,17835,15,10585,2,1
52,18266,12,48230,2,0
61,11758,14,31958,3,0
62,17311,26,1695,2,1
51,9566,3,34675,3,0
20,12889,15,49932,4,0
54,12254,29,33787,2,0
60,12442,29,44225,0,0
57,14521,2,1403,1,1
43,5559,21,17810,0,0
40,17199,21,8855,0,1
61,8291,11,38636,1,0
56,9160,20,10839,2,0
32,1112,3,10,1,1
66,16924,30,39098,3,0
21,17523,30,47829,3,0
46,2424,22,9230,2,0
39,11808,19,40232,0,0
42,7043,14,47514,3,0
30,7989,22,35771,1,0
35,7261,27,29256,3,0
50,1887,15,25651,3,0
33,17433,20,32383,2,0
62,17402,14,39963,1,0
59,13253,16,13662,2,1
61,19990,12,13739,0,1
19,8846,18,48356,3,0
52,7432,29,1789,1,1
59,14452,17,19420,1,0
51,14395,13,23761,1,0
47,4765,19,40366,5,0
30,19822,18,37606,2,0
30,16950,6,38640,0,0
35,13502,3,44135,2,0
49,10741,33,37067,1,0
49,6941,1,17357,1,0
52,5855,4,39851,4,0
56,16166,9,38262,4,0
63,6788,31,11317,1,0
69,1201,12,21534,3,0
46,11561,4,25734,4,0
66,17901,9,35897,3,0
46,8737,9,32872,1,0
61,2988,26,40201,1,0
33,16441,20,7689,2,1
61,12737,7,3567,0,1
64,15256,0,20732,1,0
27,8162,27,20774,1,0
47,14065,13,23195,4,0
42,15114,20,37412,1,0
56,9399,29,47734,1,0
37,6633,20,44098,1,0
22,6755,8,22257,1,0
18,11825,16,4394,3,1
47,5117,4,36302,1,0
66,2518,30,22228,4,0
20,17346,18,12388,0,1
62,3600,32,11319,4,0
31,14237,12,6475,0,1
47,19579,13,31555,0,0
67,4554,32,18158,0,0
21,17193,28,14728,1,1
35,16253,9,44774,2,0
54,17194,30,29545,0,0
42,2742,5,31100,0,0
65,2306,0,16150,2,0
18,4849,6,33214,3,0
63,13360,26,32876,3,0
32,13768,20,3239,5,1
26,14032,27,38699,0,0
32,5195,15,36821,1,0
66,19939,22,30615,1,0
41,19689,19,13746,0,1
21,8619,24,20921,1,0
29,10280,27,22745,0,0
54,3642,4,1245,1,1
54,10369,20,46607,0,0
60,15296,17,24853,3,0
23,16438,5,27632,2,0
56,16674,28,12856,0,1
63,5757,18,5105,0,1
41,3994,32,35690,4,0
28,16226,0,2513,2,1
30,2271,2,2801,2,0
51,2813,20,32345,2,0
42,19845,34,13895,0,1
24,9475,2,39749,3,0
69,5396,24,8221,0,1
21,10283,19,6038,2,1
25,14318,33,32031,3,0
37,18200,20,15082,0,1
46,1082,22,14648,3,0
68,2920,5,364,0,1
62,8817,12,34568,3,0
63,12683,22,14110,4,0
27,12336,8,5958,0,1
60,16596,16,9096,0,1
51,3093,1,7436,3,0
43,13905,18,21177,2,0
58,9367,18,26754,2,0
66,6285,6,24544,2,0
20,11896,19,12638,2,0
23,5937,8,179,2,1
22,17753,16,3873,1,1
22,19202,26,17570,2,1
64,19485,1,48223,1,0
40,13977,18,17157,1,0
66,19163,16,45565,0,0
26,8674,4,4460,2,1
52,18748,17,48084,0,0
37,4676,6,352,0,1
66,3426,16,21586,3,0
59,3962,3,5344,4,0
52,1859,24,4507,0,1
67,13048,4,37598,3,0
35,5138,29,43988,1,0
34,3424,11,32885,1,0
41,11409,3,16865,0,0
20,5017,23,37055,1,0
49,11451,28,27213,0,0
52,11278,8,4477,0,1
55,11996,3,6533,0,1
30,2134,23,49395,0,0
64,6119,13,23396,2,0
42,6694,4,12755,2,0
26,5164,17,865,1,1
21,19730,18,11173,3,1
31,6039,11,38097,2,0
54,15631,17,33371,2,0
51,11442,16,38524,0,0
28,9252,29,11254,1,1
58,18721,23,4018,0,1
20,18568,10,5192,1,1
45,2551,34,2015,3,1
46,13625,22,42618,2,0
26,2629,16,3380,2,1
20,18910,0,28343,1,0
42,2361,14,3770,0,1
51,5370,31,5829,0,1
29,6283,8,34381,2,0
59,8610,14,45915,6,0
26,11558,27,15545,1,0
32,15924,23,18263,2,0
57,15839,34,38140,2,0
42,12949,21,43306,1,0
22,11626,26,25675,1,0
28,2993,18,25362,1,0
51,1869,11,148,1,1
41,2014,19,1754,2,1
32,11103,0,26745,1,0
55,17986,20,7378,1,1
25,13013,0,46359,0,0
22,1690,9,20140,2,0
65,17873,31,9371,2,1
43,11748,21,26999,0,0
35,9024,17,12779,1,0
23,17678,31,31075,4,0
54,6488,26,30697,1,0
65,12035,27,9795,1,1
30,19257,17,38460,1,0
45,13855,28,4218,3,1
22,3817,17,37571,2,0
30,5458,7,11672,2,0
34,6307,30,31042,1,0
67,9933,33,35950,0,0
57,19425,6,11009,0,1
62,18063,17,47096,1,0
49,11659,8,19544,1,0
46,6738,8,29381,1,0
68,6668,7,25287,3,0
20,15427,34,2586,2,1
57,8697,17,2648,4,1
51,17446,4,40081,1,0
57,8829,13,18101,1,0
44,11751,27,45312,7,0
30,14450,29,21692,0,0
62,8352,3,7407,8,0
50,14516,19,17254,3,0
23,9326,24,15234,0,0
41,4644,27,22211,0,0
36,9003,11,29480,2,0
33,4278,1,47780,0,0
57,8296,13,24846,1,0
45,4074,21,42503,1,0
50,14261,30,46193,1,0
65,12173,22,48466,1,0
58,9312,19,15321,1,0
30,2637,3,12646,0,0
60,14652,14,22117,1,0
62,6103,23,4893,0,1
42,18028,24,9476,2,1
59,3032,0,17270,1,0
53,3761,6,21702,1,0
44,16195,30,4382,1,1
55,19452,11,1785,2,1
24,17625,4,45798,1,0
22,3668,11,11735,2,0
60,15638,17,30177,1,0
62,16954,1,30712,2,0
68,18186,9,16679,3,0
48,13356,14,43013,1,0
40,1195,29,35365,2,0
59,3187,16,17064,0,0
27,12707,3,30563,3,0
49,3330,6,33092,2,0
60,4606,30,47928,0,0
47,1060,33,26867,5,0
56,15387,5,45382,3,0
48,4927,33,33754,2,0
35,7296,14,19502,2,0
53,14622,13,760,2,1
19,15125,5,24142,3,0
31,3591,31,44653,1,0
30,13127,2,41996,1,0
46,16748,2,17290,1,0
29,7121,21,5499,3,1
56,2200,21,364,1,1
19,16721,9,19797,4,0
49,12087,2,40795,0,0
30,7972,11,32535,1,0
63,1136,28,46300,4,0
44,18413,16,47176,1,0
66,16346,6,16105,1,0
58,19978,12,7939,2,1
34,1661,1,13936,0,0
57,3472,3,42029,0,0
48,1086,9,15863,0,0
51,11704,23,12561,0,1
41,7219,16,10447,3,0
62,17322,5,30624,0,0
52,15749,18,46940,5,0
65,7968,4,44646,1,0
23,14596,31,12411,0,1
36,2700,9,19465,0,0
47,3700,8,38216,2,0
24,12821,26,19642,3,0
27,19031,12,31262,2,0
58,6520,18,30363,2,0
49,12510,20,2107,1,1
51,4687,23,7928,1,1
45,17980,3,48002,4,0
32,9837,23,19317,2,0
47,15955,34,49078,5,0
54,12281,2,25017,1,0
46,14917,3,13528,1,1
39,5757,34,13313,1,0
21,14045,30,1559,5,1
37,9912,24,15167,1,0
49,5733,12,15343,2,0
53,8081,3,38598,0,0
67,9690,13,7523,1,1
21,2673,12,49777,2,0
44,15318,26,28439,1,0
34,12171,5,15524,0,0
29,14545,16,13285,2,1
39,12803,34,10973,0,1
34,3294,16,22694,1,0
27,4630,1,35774,1,0
18,16093,12,4302,0,1
39,17530,1,22391,0,0
43,15453,27,4611,4,1
35,13174,25,9372,2,1
67,4453,21,24312,2,0
31,5507,2,14080,3,0
64,11602,34,15082,0,1
46,6628,11,47409,1,0
29,9328,23,42861,1,0
53,16534,4,30677,2,0
52,4552,19,20874,1,0
69,17402,12,8378,1,1
29,3242,11,1597,1,1
24,15665,12,11600,2,1
46,6097,9,3747,1,1
28,9640,32,13879,2,0
50,2948,15,13017,2,0
23,6618,34,24815,0,0
64,5236,2,18964,7,0
32,2920,4,28812,1,0
49,12169,25,40200,2,0
68,5188,10,24714,0,0
28,13207,6,18890,0,0
40,1238,9,4725,3,0
43,1204,33,43205,1,0
51,11799,2,20684,2,0
63,6552,7,26325,1,0
51,5927,30,32542,1,0
46,12164,10,46037,3,0
21,5390,6,13092,1,0
34,16641,1,30382,1,0
52,7160,5,39770,2,0
30,16810,31,25457,3,0
58,6126,19,6131,1,1
56,1816,33,46029,3,0
32,14414,15,25215,1,0
46,1192,24,12612,0,0
46,19160,11,37305,1,0
28,4645,6,13091,1,0
69,13816,16,35103,3,0
49,7314,10,37089,3,0
19,19172,5,29759,2,0
64,8374,22,46022,4,0
31,4700,26,559,2,1
37,11655,5,713,2,1
39,16129,1,37361,0,0
28,10359,21,15184,2,0
44,4893,19,15261,4,0
20,7811,24,20372,2,0
34,10288,14,32140,1,0
61,1504,28,33024,2,0
45,10813,7,47342,0,0
46,15671,32,32544,2,0
38,11738,21,37,2,1
64,12186,4,43032,2,0
33,7773,17,12697,4,0
54,4816,29,41420,1,0
37,1717,30,48698,2,0
23,12676,9,31707,1,0
36,5434,14,26016,0,0
22,18042,17,34600,1,0
20,6057,22,48285,1,0
18,5994,32,23984,0,0
55,5234,15,5167,0,1
32,4764,34,432,3,1
51,12181,33,4151,3,1
52,5637,27,47680,1,0
66,3104,1,6411,1,0
42,10447,29,30788,2,0
41,11674,12,26623,3,0
29,19991,15,22104,2,0
35,9385,4,256,0,1
32,12999,27,33439,1,0
61,4719,19,33257,3,0
33,3581,23,39657,0,0
44,19949,26,44674,0,0
25,3763,29,18066,4,0
63,6991,26,45371,4,0
42,11531,25,32746,2,0
34,12064,6,2460,0,1
46,12312,4,37297,2,0
25,5780,22,34743,1,0
32,5177,27,3216,1,1
44,16169,33,14267,0,1
63,7476,14,9581,0,1
67,19988,31,4515,0,1
69,3382,25,22076,2,0
24,17915,30,44816,2,0
20,13508,18,9776,0,1
46,1634,8,21947,0,0
61,12996,28,2963,1,1
41,15162,3,6786,0,1
20,17386,2,13866,1,1
37,15005,28,38968,1,0
63,9397,10,32305,0,0
32,13327,32,17360,0,0
42,15394,10,40113,5,0
47,3890,26,32813,3,0
31,11858,32,1193,2,1
24,9026,20,4512,1,1
34,4306,30,22666,1,0
61,1897,1,16630,2,0
37,10277,26,8983,3,1
53,10471,10,636,1,1
26,15896,17,3775,0,1
55,16240,0,2421,0,1
65,15683,34,13025,2,1
39,1670,34,9280,2,0
19,18889,30,36951,1,0
41,12767,27,11351,1,1
25,14006,0,49864,3,0
28,16768,24,38091,1,0
30,17633,19,45656,1,0
34,2892,2,30171,1,0
25,4439,1,3644,1,1
38,3854,17,16142,0,0
35,12577,9,7773,3,1
47,12763,4,28466,2,0
35,12618,8,10778,2,1
63,9235,1,12501,2,0
64,3618,33,47177,1,0
48,4163,30,2108,2,1
55,3942,9,29369,0,0
49,2925,11,36382,0,0
28,3972,20,25818,2,0
62,12705,5,10251,0,1
42,11640,2,23341,1,0
50,11966,9,11678,1,1
55,18374,4,14367,6,0
58,12138,25,29672,0,0
25,19196,20,4332,0,1
28,16935,25,12002,2,1
39,14145,25,20284,2,0
68,1489,7,15700,1,0
41,12748,4,13769,0,0
58,4516,14,29318,5,0
34,7410,15,24323,3,0
29,1053,0,27610,1,0
63,19959,15,6963,2,1
49,17999,2,7838,2,1
32,6944,30,45167,0,0
33,8404,12,12243,4,0
39,1954,15,27939,0,0
45,11625,20,1845,0,1
37,2629,1,46710,2,0
50,11973,26,16766,0,0
27,7859,25,36880,0,0
57,9841,24,12780,1,0
49,11539,10,48458,0,0
67,13682,7,42856,2,0
50,4278,7,1509,2,1
19,19945,32,23957,1,0
50,7539,6,45172,2,0
50,17754,20,34346,1,0
58,1857,7,17263,1,0
30,5886,20,46874,1,0
47,13945,19,26148,3,0
50,8485,7,31533,2,0
30,14680,30,42608,2,0
69,17767,28,12931,0,1
43,15397,8,1359,1,1
39,11744,14,24532,1,0
56,5334,29,20344,2,0
19,13226,25,4242,2,1
55,14440,9,20601,3,0
56,16020,28,49232,0,0
43,5251,15,19116,2,0
63,13180,19,35477,1,0
67,17140,21,30782,2,0
32,1922,6,45559,0,0
51,8957,22,49819,3,0
59,16796,28,18880,1,1
61,2230,15,3499,4,0
66,11627,27,31587,2,0
57,11006,30,44458,2,0
28,5933,13,26020,1,0
20,15295,32,8080,1,1
23,17377,8,23207,0,0
26,1203,26,33957,5,0
23,17544,23,13908,3,1
26,16899,12,30652,2,0
56,4748,25,30344,1,0
48,7718,28,25034,4,0
49,19965,27,25788,1,0
58,2093,27,12751,4,0
67,16228,7,47482,1,0
29,17034,22,33793,1,0
25,6710,28,32839,0,0
25,10732,4,38314,2,0
67,4191,6,35453,1,0
45,19221,26,9385,2,1
37,1689,1,18232,1,0
64,3103,24,43344,0,0
24,1365,8,34790,1,0
28,15010,26,15831,3,0
37,12767,0,20125,2,0
33,17103,22,45708,1,0
21,13742,9,17682,2,0
23,13391,24,36870,2,0
39,5172,2,17288,5,0
43,16623,5,35794,2,0
20,3378,5,39477,0,0
58,18589,1,24405,1,0
59,13031,17,38737,3,0
31,6669,22,2620,1,1
28,3735,1,35414,1,0
35,10867,11,37633,4,0
29,9490,21,35057,0,0
40,1956,19,40138,0,0
29,10306,23,13854,3,0
30,7623,19,9677,1,0
42,15908,0,44111,0,0
62,18858,0,24074,1,0
68,5460,16,17824,0,0
36,14986,0,765,0,1
63,13638,29,45439,2,0
53,3850,2,31615,2,0
62,14299,10,48926,0,0
25,11698,23,36860,1,0
46,5594,21,12975,5,0
49,15282,25,9341,1,1
68,17285,12,28141,2,0
61,15334,0,12334,1,1
35,7644,23,48845,2,0
23,3850,9,15835,0,0
35,15933,34,26548,2,0
36,1165,23,35434,2,0
39,11701,27,25039,2,0
54,1919,15,32530,1,0
49,9305,15,38736,2,0
58,18375,16,40409,0,0
20,16715,14,18565,3,0
45,4839,15,9834,2,0
27,18642,14,36656,1,0
68,12618,33,840,4,1
52,14519,10,13873,2,0
46,11776,0,31568,3,0
32,1067,14,10846,1,0
50,10788,25,5899,3,1
24,6660,3,20502,1,0
29,5478,4,565,2,1
66,9210,34,38773,1,0
47,11922,12,41924,1,0
38,4521,9,43242,1,0
48,1572,10,9187,2,0
41,8082,17,7226,2,1
37,6395,33,42147,2,0
54,16407,22,38658,1,0
21,19642,6,45881,1,0
45,12094,2,4311,1,1
61,1650,11,44214,2,0
37,6741,6,41616,0,0
41,14281,25,25689,2,0
67,7838,32,6083,1,1
66,19971,14,12598,1,1
68,4262,1,16940,0,0
49,18722,6,26880,2,0
58,5996,31,2580,1,1
53,12826,3,46612,1,0
51,3827,19,42321,1,0
53,15211,31,9386,2,1
19,6232,27,19522,2,0
32,3217,12,26224,1,0
51,15232,0,14635,1,0
53,15026,34,671,3,1
23,14878,29,33545,1,0
56,7837,24,26855,2,0
59,8031,15,35790,2,0
68,15806,18,46585,1,0
68,4716,0,14260,1,0
29,4414,4,1074,1,1
20,18832,21,42676,1,0
62,1570,23,9475,3,0
35,14288,3,12878,1,1
57,19889,17,15120,2,1
38,1917,15,23147,0,0
32,11066,17,1986,1,1
50,7982,21,43593,2,0
52,7336,1,32430,0,0
43,19062,20,41961,3,0
25,17999,28,17430,3,1
53,10941,25,2176,0,1
65,13380,20,18722,4,0
47,12667,16,42815,1,0
40,5529,15,49652,1,0
59,18519,30,18617,2,1
61,13192,8,27115,1,0
31,9566,30,37376,1,0
31,8226,13,11906,3,0
19,6162,1,40002,0,0
54,17590,13,6610,3,1
22,2319,32,43292,1,0
55,2141,34,49752,0,0
62,5627,19,13411,0,0
58,15501,1,9180,2,1
64,3690,18,47993,2,0
31,8323,17,10073,1,0
56,4255,15,37251,3,0
42,6213,3,30960,0,0
37,5108,11,5901,2,0
19,19241,28,38897,3,0
56,10802,6,43183,2,0
23,12413,13,4482,1,1
34,15995,11,42454,1,0
42,13583,34,25428,3,0
45,6021,4,7400,1,0
19,19771,16,39574,2,0
52,7582,31,43284,1,0
54,14455,9,7396,1,1
22,14117,16,7338,2,1
18,19950,4,42718,2,0
57,18359,8,12500,0,1
29,2262,32,11545,1,0
53,8382,17,5241,1,1
62,4327,8,23778,0,0
40,19643,28,22821,2,0
64,11020,13,4695,0,1
48,18641,24,11530,2,1
28,17848,14,47080,1,0
27,15062,5,14318,0,1
20,7774,28,22331,3,0
31,16160,14,26355,0,0
33,2230,28,11324,1,0
27,10076,3,28149,1,0
46,4805,17,3218,1,1
27,15715,15,20141,2,0
29,6750,10,36784,0,0
47,16627,13,2837,1,1
58,14232,2,49080,2,0
18,4135,17,39802,3,0
22,7953,19,40077,0,0
37,2546,24,14379,1,0
25,16457,12,4239,1,1
60,18478,3,44896,1,0
29,3411,13,20812,1,0
18,15113,32,29669,2,0
37,5145,27,48624,3,0
45,3775,7,9611,1,0
60,14193,33,4150,0,1
54,13851,4,11109,1,1
64,14070,4,34214,0,0
54,4970,30,26016,1,0
29,15119,8,11936,1,1
54,5331,31,11036,3,0
66,11295,32,39236,1,0
66,2942,2,14021,3,0
61,17575,29,36943,0,0
45,14404,11,48158,1,0
64,1861,28,37848,1,0
32,10275,2,15471,3,0
23,18033,25,47661,0,0
61,5134,29,23244,2,0
37,12803,8,48777,3,0
67,16408,25,38985,3,0
31,18420,1,38440,1,0
19,17351,2,1502,3,1
26,5131,3,34178,1,0
54,19532,24,3770,0,1
37,13057,12,42865,1,0
43,12349,34,4001,0,1
46,12486,22,20946,2,0
18,6457,8,598,1,1
52,7079,1,30316,1,0
23,13453,30,25567,2,0
54,19814,1,26508,1,0
22,19263,31,43744,2,0
50,13158,17,39159,1,0
66,16735,12,30276,3,0
68,16830,4,23671,1,0
31,16125,9,16450,0,0
29,12905,24,14908,4,0
59,13298,33,44358,1,0
37,3011,29,49047,0,0
67,4373,6,35518,4,0
41,11335,5,31212,0,0
60,11692,2,42684,2,0
51,15527,12,6806,2,1
42,13773,2,39197,0,0
67,2289,25,40891,1,0
46,2447,23,18015,2,0
56,15139,5,39220,1,0
48,14757,11,17158,1,0
64,6462,1,15456,3,0
60,8657,10,27588,2,0
67,5920,33,22491,3,0
40,11345,25,24188,1,0
61,9417,17,27079,3,0
55,18160,20,4019,1,1
37,6208,21,12419,1,0
40,1687,29,33697,5,0
62,17913,29,19396,2,1
69,14223,7,39032,3,0
33,9080,33,29892,2,0
67,19537,8,7973,2,1
59,10486,19,42465,4,0
25,7094,24,21113,4,0
67,8692,18,11136,0,1
38,12088,4,19203,3,0
18,4103,10,31285,1,0
25,3440,14,23039,1,0
46,8124,7,1184,2,1
49,18228,18,22727,0,0
55,15031,22,16911,0,1
22,15536,26,916,2,1
64,1446,31,3574,2,1
39,4915,25,36087,0,0
64,16787,26,17790,1,1
51,18618,18,17625,2,1
18,7587,28,5206,1,1
43,1226,32,19517,1,0
60,12151,18,49950,3,0
27,6558,18,37696,2,0
47,12971,32,16105,1,1
67,1186,15,35656,1,0
35,15680,22,2690,2,1
34,15559,6,36859,1,0
43,12069,25,46728,0,0
25,3535,31,690,0,1
64,2932,11,25103,2,0
57,3032,7,34263,0,0
66,2252,4,11085,1,0
29,6509,27,25825,1,0
44,6074,4,10720,2,0
25,14900,25,38641,1,0
42,15523,4,37271,0,0
63,2881,21,11720,2,0
21,1269,14,46732,1,0
50,2630,12,897,3,1
18,18958,27,17094,0,1
36,14383,32,36463,1,0
48,17152,22,35454,2,0
33,12084,32,23572,3,0
31,2695,17,38546,4,0
65,15821,29,15150,1,1
22,4262,25,16799,0,0
58,2445,15,9663,3,0
43,17436,12,36948,1,0
45,10949,32,37030,0,0
19,19050,25,27007,1,0
67,7901,0,35283,0,0
23,1719,1,25671,0,0
26,9597,5,25385,1,0
50,7855,23,11236,3,0
58,19678,17,22024,5,0
42,9263,26,46872,1,0
65,15520,7,39384,2,0
30,12874,27,17376,0,0
26,15079,9,37138,2,0
30,18082,16,18157,2,0
48,8243,28,19945,1,0
58,10018,5,36584,1,0
28,17732,13,23017,4,0
21,13100,21,1756,3,1
51,17691,5,35141,3,0
55,5820,25,2576,0,1
63,12001,11,25467,2,0
21,14907,34,36952,2,0
55,12669,13,31205,1,0
36,16916,21,35165,2,0
23,11878,22,12674,2,0
51,3985,6,43094,2,0
35,9112,24,43314,3,0
30,9467,12,22353,4,0
58,19931,20,29849,3,0
40,1336,9,4535,1,0
36,11165,8,47367,0,0
62,13768,14,41936,3,0
28,4968,1,17118,0,0
18,1910,24,632,0,1
41,19380,12,13280,2,1
24,16632,33,14746,0,1
42,17279,33,37036,2,0
38,4129,34,19285,1,0
32,6447,2,18047,3,0
18,7129,5,48089,2,0
29,6850,18,10207,6,0
24,8446,2,5591,1,1
32,12949,17,27757,0,0
38,9519,8,16226,5,0
36,1314,11,29732,0,0
46,12737,4,27206,2,0
42,2134,2,20256,0,0
50,11938,10,33822,4,0
66,16588,29,41340,1,0
49,9347,3,46347,1,0
66,6592,4,43351,2,0
52,19108,0,40775,0,0
61,18270,26,48671,1,0
55,11997,27,9784,3,1
43,1721,28,37029,2,0
28,10104,17,35157,2,0
52,1870,11,19937,1,0
25,7751,12,46707,1,0
63,17881,1,11219,0,1
31,2756,15,9399,0,0
27,2117,23,33312,0,0
19,12601,34,27657,2,0
63,3828,21,20047,0,0
26,15996,10,35007,7,0
20,19031,28,10559,1,1
38,14878,34,20157,3,0
43,7992,14,35395,1,0
25,14778,30,6618,1,1
65,7771,15,44891,0,0
19,17526,9,6780,2,1
23,4435,31,27050,1,0
45,7622,1,8015,3,0
46,13852,23,3130,2,1
43,15806,22,28083,1,0
42,11623,1,16480,2,0
29,2848,30,47599,1,0
22,3696,25,35476,4,0
51,2717,28,38165,2,0
65,10259,2,11528,1,0
54,3786,13,49608,0,0
32,15154,24,5914,2,1
61,14409,0,37136,0,0
53,4791,2,11179,2,0
32,4871,25,20472,1,0
60,2806,17,12076,0,0
65,18888,8,24783,2,0
40,14304,22,46716,2,0
23,19074,20,13824,0,1
63,16549,0,4299,0,1
67,4303,20,46888,1,0
61,17061,26,8118,1,1
60,16198,5,10756,3,1
62,18888,27,7953,2,1
38,11655,16,37552,2,0
40,9924,2,15185,1,0
60,10940,11,41792,2,0
33,4924,11,14674,0,0
64,10783,1,44476,1,0
32,5485,21,33927,0,0
42,13629,22,386,4,1
53,14233,29,26617,1,0
28,13901,4,7192,2,1
68,1191,8,10745,2,0
32,5917,20,30020,2,0
21,6831,10,42678,1,0
38,11160,4,21159,0,0
30,14682,34,3409,1,1
39,13391,26,49841,1,0
36,2874,1,25745,1,0
51,10062,23,45948,3,0
31,5763,30,29455,2,0
21,11234,32,38910,3,0
65,10221,29,38735,1,0
69,12410,27,29166,1,0
63,15519,30,39973,3,0
44,2051,10,28072,0,0
46,13225,22,48774,2,0
64,10765,1,12109,1,0
45,12382,26,45802,1,0
52,13580,34,2484,2,1
25,12989,1,34622,2,0
33,12939,20,44399,0,0
59,19489,4,2597,0,1
53,1307,20,40597,3,0
47,4359,28,40954,1,0
35,4176,19,3983,0,1
19,2251,19,39452,1,0
66,6366,24,43151,0,0
30,18901,1,17040,1,0
21,7226,31,44772,3,0
43,15330,25,30554,1,0
42,5891,5,27916,0,0
47,5992,2,44871,1,0
28,2961,32,26372,0,0
24,13497,0,39080,3,0
48,11848,4,40706,2,0
61,14255,12,42722,0,0
27,5567,18,29048,3,0
56,17079,11,19669,2,0
30,7513,24,9777,0,1
48,16235,34,36331,1,0
24,12755,11,20968,5,0
66,12151,29,37809,1,0
59,17567,4,11292,0,1
59,4358,33,40794,1,0
53,10590,21,13923,1,0
37,11988,12,27703,2,0
21,8678,2,18657,1,0
24,6698,19,3629,2,1
18,2273,30,2114,1,1
61,12241,4,34445,3,0
62,18480,23,35862,0,0
59,10497,32,25574,1,0
64,10107,7,32349,0,0
